"comp","coint_v"
"BASF",0.867620403197027
"Bayer",1.08693507033369
"Covestro",0.914393756972166
"Daimler",0.980810328681462
"DeliveryHero",0.934089092653518
"DeutscheBank",0.854185497546114
"EON",0.799233339091661
"HelloFresh",0.846581946633562
"Infineon",0.911000034485877
"SAP",0.926947924908146
"Siemens",0.913743817505342
"Vonovia",0.837908064706357
"Zalando",0.92197047546596
